City_ID,City,Country,Date,Lat,Lng,Max Temp,Humidity,Cloudiness,Wind Speed
0,Mataura,NZ,2021-10-08 06:44:56,-46.1927,168.8643,52.48,99,93,1.21
1,Flin Flon,CA,2021-10-08 06:44:56,54.7682,-101.865,40.46,50,40,2.51
2,Vaitape,PF,2021-10-08 06:44:57,-16.5167,-151.75,78.57,72,5,6.26
3,Punta Arenas,CL,2021-10-08 06:44:57,-53.15,-70.9167,46.51,53,0,8.05
4,Vanavara,RU,2021-10-08 06:44:58,60.34,102.2797,37.62,81,100,8.99
5,Cape Town,ZA,2021-10-08 06:44:58,-33.9258,18.4232,63.09,55,75,19.57
6,Albany,US,2021-10-08 06:41:07,42.6001,-73.9662,57.31,95,2,1.61
7,Cockburn Town,TC,2021-10-08 06:44:30,21.4612,-71.1419,82.29,75,6,14.94
8,Kampene,CD,2021-10-08 06:44:59,-3.6,26.6667,83.28,58,10,2.66
9,Isiro,CD,2021-10-08 06:45:00,2.7739,27.616,76.73,70,100,3.83
10,Ilulissat,GL,2021-10-08 06:45:00,69.2167,-51.1,24.82,39,10,4.61
11,Kapaa,US,2021-10-08 06:45:01,22.0752,-159.319,78.78,75,75,1.01
12,Puerto Ayora,EC,2021-10-08 06:45:02,-0.7393,-90.3518,68.56,94,90,7.0
13,Vaini,TO,2021-10-08 06:45:03,-21.2,-175.2,77.16,94,75,3.44
14,Sulangan,PH,2021-10-08 06:45:04,11.1373,123.7228,77.49,89,100,20.56
15,Rikitea,PF,2021-10-08 06:45:04,-23.1203,-134.9692,73.65,76,0,11.43
16,New Norfolk,AU,2021-10-08 06:45:05,-42.7826,147.0587,58.66,62,100,1.99
17,Yala,TH,2021-10-08 06:45:06,6.3333,101.25,90.75,56,100,9.37
18,Baruun-Urt,MN,2021-10-08 06:45:06,46.6806,113.2792,60.55,36,100,10.78
19,Yulara,AU,2021-10-08 06:45:07,-25.2406,130.9889,91.24,18,0,6.91
20,San Patricio,US,2021-10-08 06:45:07,28.017,-97.5169,78.84,62,0,6.87
21,Sioux Lookout,CA,2021-10-08 06:42:18,50.1001,-91.917,62.67,82,90,4.61
22,Barrow,US,2021-10-08 06:45:04,71.2906,-156.7887,32.02,80,90,10.36
23,Nanortalik,GL,2021-10-08 06:45:08,60.1432,-45.2371,38.07,61,67,4.68
24,Qaanaaq,GL,2021-10-08 06:45:09,77.484,-69.3632,22.44,67,100,6.11
25,Verkhoyansk,RU,2021-10-08 06:45:09,67.5447,133.385,34.48,48,100,11.48
26,Qasigiannguit,GL,2021-10-08 06:45:10,68.8193,-51.1922,25.05,76,9,4.5
27,Ushuaia,AR,2021-10-08 06:44:15,-54.8,-68.3,47.86,43,75,18.41
28,Bluff,NZ,2021-10-08 06:45:11,-46.6,168.3333,52.81,92,70,10.38
29,Jamestown,US,2021-10-08 06:45:11,42.097,-79.2353,65.34,97,40,1.99
30,Haines Junction,CA,2021-10-08 06:45:12,60.7522,-137.5108,33.75,86,17,2.3
31,Kostomuksha,RU,2021-10-08 06:45:13,64.571,30.5767,41.13,87,100,1.57
32,Beloha,MG,2021-10-08 06:45:13,-25.1667,45.05,75.29,31,0,14.34
33,Ayan,RU,2021-10-08 06:45:14,56.45,138.1667,44.87,41,77,5.19
34,Puerto Escondido,MX,2021-10-08 06:45:14,15.85,-97.0667,79.11,83,99,5.3
35,Bandarbeyla,SO,2021-10-08 06:45:15,9.4942,50.8122,88.07,57,2,16.4
36,Conceicao Do Araguaia,BR,2021-10-08 06:45:16,-8.2578,-49.2647,77.4,58,12,2.71
37,Svetlaya,RU,2021-10-08 06:45:16,46.5389,138.3297,58.53,50,19,10.0
38,Peterhead,GB,2021-10-08 06:45:17,57.5058,-1.7981,62.11,97,100,11.34
39,Atuona,PF,2021-10-08 06:45:17,-9.8,-139.0333,78.1,75,11,18.1
40,Saskylakh,RU,2021-10-08 06:45:18,71.9167,114.0833,16.0,91,100,8.88
41,Ust-Nera,RU,2021-10-08 06:45:19,64.5667,143.2,25.61,65,95,6.73
42,Krasnyy Yar,RU,2021-10-08 06:45:19,46.5331,48.3456,49.96,31,0,16.42
43,Hermanus,ZA,2021-10-08 06:45:20,-34.4187,19.2345,61.81,68,0,9.78
44,Georgetown,MY,2021-10-08 06:45:20,5.4112,100.3354,87.75,76,40,7.0
45,Arraial Do Cabo,BR,2021-10-08 06:45:21,-22.9661,-42.0278,68.41,71,100,12.82
46,Hithadhoo,MV,2021-10-08 06:45:21,-0.6,73.0833,83.5,65,88,8.01
47,Petropavlovka,RU,2021-10-08 06:45:22,50.6114,105.3196,41.0,82,100,2.95
48,Trogir,HR,2021-10-08 06:45:22,43.5125,16.2517,62.65,55,40,17.27
49,Castro,BR,2021-10-08 06:45:23,-24.7911,-50.0119,52.3,97,100,7.76
50,Te Anau,NZ,2021-10-08 06:45:23,-45.4167,167.7167,46.65,92,99,0.96
51,Severo-Kurilsk,RU,2021-10-08 06:45:24,50.6789,156.125,45.54,82,100,9.71
52,Port Elizabeth,ZA,2021-10-08 06:42:48,-33.918,25.5701,75.09,68,0,18.41
53,Vila,PT,2021-10-08 06:45:25,42.0304,-8.1588,52.93,79,9,3.67
54,Pocone,BR,2021-10-08 06:45:25,-16.2567,-56.6228,75.63,80,9,2.21
55,Sitka,US,2021-10-08 06:45:26,57.0531,-135.33,46.29,93,90,8.05
56,Turkistan,KZ,2021-10-08 06:45:26,43.0,68.0,61.07,23,100,13.0
57,Lagoa,PT,2021-10-08 06:45:27,39.05,-27.9833,67.77,71,4,10.47
58,Bethel,US,2021-10-08 06:45:27,41.3712,-73.414,61.05,92,1,0.0
59,Ribeira Grande,PT,2021-10-08 06:45:28,38.5167,-28.7,63.0,72,20,2.3
60,Labuhan,ID,2021-10-08 06:45:29,-6.8844,112.2051,90.55,49,51,11.68
61,Busselton,AU,2021-10-08 06:45:29,-33.65,115.3333,63.05,52,34,14.32
62,Pavilosta,LV,2021-10-08 06:45:30,56.8879,21.1859,42.75,60,25,10.18
63,Erlangen,DE,2021-10-08 06:45:30,49.5897,11.0039,51.13,90,75,0.0
64,Seoul,KR,2021-10-08 06:45:07,37.5683,126.9778,71.11,88,90,2.3
65,Chuy,UY,2021-10-08 06:45:31,-33.6971,-53.4616,45.03,81,0,3.8
66,Dicabisagan,PH,2021-10-08 06:45:32,17.0818,122.4157,86.38,69,98,8.05
67,Ponta Do Sol,PT,2021-10-08 06:45:33,32.6667,-17.1,68.72,76,100,2.62
68,Hilo,US,2021-10-08 06:41:48,19.7297,-155.09,72.81,94,90,4.61
69,Mumford,GH,2021-10-08 06:45:33,5.2618,-0.759,77.83,85,69,2.35
70,Kholuy,RU,2021-10-08 06:45:34,56.575,41.8692,45.68,62,0,5.5
71,Airai,TL,2021-10-08 06:45:35,-8.9266,125.4092,77.43,40,14,3.42
72,Saldanha,ZA,2021-10-08 06:45:35,-33.0117,17.9442,57.25,74,100,14.18
73,Boende,CD,2021-10-08 06:45:36,-0.2167,20.8667,80.64,74,74,1.99
74,Koani,TZ,2021-10-08 06:45:36,-6.1333,39.2833,80.76,68,97,8.57
75,Pevek,RU,2021-10-08 06:45:37,69.7008,170.3133,24.19,83,96,7.56
76,Hobart,AU,2021-10-08 06:45:38,-42.8794,147.3294,62.06,70,75,5.01
77,Coari,BR,2021-10-08 06:45:39,-4.085,-63.1414,73.67,97,99,2.13
78,Saint-Philippe,RE,2021-10-08 06:45:39,-21.3585,55.7679,78.35,73,39,9.78
79,Kansanshi,ZM,2021-10-08 06:45:40,-12.0951,26.4273,76.87,27,99,8.99
80,Terney,RU,2021-10-08 06:45:41,45.0503,136.6092,61.99,46,11,8.81
81,Whyalla,AU,2021-10-08 06:41:41,-33.0333,137.5833,76.89,20,7,16.11
82,Kaeo,NZ,2021-10-08 06:45:42,-35.1,173.7833,56.19,88,23,6.49
83,Matagami,CA,2021-10-08 06:45:42,49.7502,-77.6328,48.31,100,1,2.3
84,Great Falls,US,2021-10-08 06:45:43,47.5002,-111.3008,50.68,77,1,5.75
85,Yanam,IN,2021-10-08 06:45:44,16.7333,82.2167,91.8,54,27,2.13
86,Kaitangata,NZ,2021-10-08 06:45:44,-46.2817,169.8464,49.98,97,100,5.32
87,Warrnambool,AU,2021-10-08 06:45:45,-38.3833,142.4833,63.81,71,97,10.8
88,Mayo,US,2021-10-08 06:45:45,38.8876,-76.5119,67.21,94,40,0.0
89,Arona,ES,2021-10-08 06:45:46,28.0996,-16.681,67.75,68,75,1.99
90,Esperance,AU,2021-10-08 06:45:46,-33.8667,121.9,62.44,60,90,14.54
91,Tefe,BR,2021-10-08 06:45:47,-3.3542,-64.7114,72.0,98,100,0.45
92,Ixtapa,MX,2021-10-08 06:45:48,20.7,-105.2,82.22,91,30,2.93
93,Kahului,US,2021-10-08 06:41:06,20.8947,-156.47,77.85,80,1,13.8
94,Eltham,NZ,2021-10-08 06:45:49,-39.4292,174.3,55.18,82,11,5.21
95,Dikson,RU,2021-10-08 06:45:50,73.5069,80.5464,29.43,75,100,14.63
96,Bulnes,CL,2021-10-08 06:45:50,-36.7423,-72.2985,52.68,92,0,4.14
97,Luba,GQ,2021-10-08 06:45:51,3.4568,8.5547,76.89,83,91,0.85
98,Souillac,MU,2021-10-08 06:45:51,-20.5167,57.5167,75.58,73,20,6.91
99,Srandakan,ID,2021-10-08 06:45:52,-7.9386,110.2506,79.56,76,100,13.33
100,Rio Grande,BR,2021-10-08 06:44:23,-32.035,-52.0986,43.95,70,0,6.69
101,Mahebourg,MU,2021-10-08 06:45:53,-20.4081,57.7,75.49,73,20,6.91
102,Nikolskoye,RU,2021-10-08 06:45:54,59.7035,30.7861,51.4,65,100,6.89
103,Guerrero Negro,MX,2021-10-08 06:45:54,27.9769,-114.0611,69.84,78,7,14.85
104,Isla Vista,US,2021-10-08 06:45:55,34.4133,-119.861,65.68,83,90,3.44
105,Upernavik,GL,2021-10-08 06:45:55,72.7868,-56.1549,23.94,45,69,5.01
106,Bredasdorp,ZA,2021-10-08 06:45:56,-34.5322,20.0403,61.29,82,0,4.61
107,Antalaha,MG,2021-10-08 06:45:57,-14.9003,50.2788,75.97,76,82,8.12
108,Kharagpur,IN,2021-10-08 06:45:28,22.3333,87.3333,90.66,58,5,4.81
109,Sao Joao Da Barra,BR,2021-10-08 06:45:57,-21.6403,-41.0511,69.06,77,100,15.5
110,Port Alfred,ZA,2021-10-08 06:45:58,-33.5906,26.891,70.7,63,71,12.37
111,Santa Rosa,PH,2021-10-08 06:45:59,14.3122,121.1114,88.11,79,97,2.95
112,Byron Bay,AU,2021-10-08 06:45:59,-28.65,153.6167,73.36,70,0,8.05
113,Kontagora,NG,2021-10-08 06:46:00,10.3999,5.4695,76.51,80,100,3.09
114,Iquitos,PE,2021-10-08 06:46:00,-3.7481,-73.2472,75.24,94,75,3.44
115,Tiksi,RU,2021-10-08 06:46:01,71.6872,128.8694,20.23,84,100,19.35
116,Ardakan,IR,2021-10-08 06:46:01,32.31,54.0175,70.18,32,0,11.9
117,Paamiut,GL,2021-10-08 06:46:02,61.994,-49.6678,35.26,56,0,5.26
118,Corinto,GR,2021-10-08 06:46:03,37.9407,22.9573,68.76,85,95,7.72
119,Thompson,CA,2021-10-08 06:46:03,55.7435,-97.8558,39.36,87,1,6.91
120,Bambous Virieux,MU,2021-10-08 06:46:04,-20.3428,57.7575,75.45,73,20,6.91
121,Khash,IR,2021-10-08 06:46:05,28.2211,61.2158,86.83,8,0,6.2
122,Elizabeth City,US,2021-10-08 06:46:05,36.2946,-76.2511,72.01,93,90,8.05
123,Arlit,NE,2021-10-08 06:46:06,18.7369,7.3853,82.45,16,0,6.53
124,Xunchang,CN,2021-10-08 06:46:07,28.4543,104.715,69.8,75,91,4.12
125,Hongjiang,CN,2021-10-08 06:46:07,27.11,109.9956,72.99,67,100,5.68
126,Khatanga,RU,2021-10-08 06:46:08,71.9667,102.5,23.14,95,100,1.12
127,Sobolevo,RU,2021-10-08 06:46:08,54.4299,31.8996,42.01,58,0,4.43
128,Mariental,NA,2021-10-08 06:46:09,-24.6333,17.9667,69.53,15,0,7.23
129,Touros,BR,2021-10-08 06:46:09,-5.1989,-35.4608,77.9,84,99,11.23
130,Cavalcante,BR,2021-10-08 06:46:10,-13.7975,-47.4583,76.95,44,19,3.11
131,Berbera,SO,2021-10-08 06:46:11,10.4396,45.0143,91.9,55,100,6.62
132,Kruisfontein,ZA,2021-10-08 06:46:11,-34.0033,24.7314,72.88,31,0,10.89
133,North Bend,US,2021-10-08 06:42:36,43.4065,-124.2243,46.94,97,1,5.75
134,Tyret Pervaya,RU,2021-10-08 06:46:12,53.6703,102.3106,40.51,71,100,9.01
135,Ishikawa,JP,2021-10-08 06:46:12,26.4233,127.8214,86.32,69,75,16.11
136,Porbandar,IN,2021-10-08 06:46:13,21.6422,69.6093,91.38,66,20,9.22
137,Manbij,SY,2021-10-08 06:46:14,36.5281,37.9549,72.37,17,0,5.55
138,Aswan,EG,2021-10-08 06:46:14,24.0934,32.907,79.9,31,0,9.22
139,Beira,MZ,2021-10-08 06:46:15,-19.8436,34.8389,77.85,52,15,9.75
140,Isahaya,JP,2021-10-08 06:46:15,32.8411,130.0431,89.44,61,75,3.44
141,Narsaq,GL,2021-10-08 06:46:16,60.9167,-46.05,43.02,47,37,5.84
142,Puerto Del Rosario,ES,2021-10-08 06:46:17,28.5004,-13.8627,69.55,78,75,8.05
143,Torrevieja,ES,2021-10-08 06:45:00,37.9787,-0.6822,70.11,82,9,1.01
144,Mungeli,IN,2021-10-08 06:46:17,22.0667,81.6833,91.47,50,3,0.58
145,Las Tunas,CU,2021-10-08 06:46:18,20.9617,-76.9511,77.13,92,12,6.38
146,Richards Bay,ZA,2021-10-08 06:46:18,-28.783,32.0377,72.88,70,91,15.73
147,Kaniv,UA,2021-10-08 06:46:19,49.7518,31.46,46.02,37,6,14.85
148,Broome,US,2021-10-08 06:46:20,42.2506,-75.833,61.36,81,1,4.61
149,Butaritari,KI,2021-10-08 06:46:20,3.0707,172.7902,82.4,71,48,10.63
150,Sivas,TR,2021-10-08 06:46:21,39.7916,37.0019,50.63,66,0,2.3
151,Auki,SB,2021-10-08 06:46:22,-8.7676,160.7034,80.53,82,100,6.22
152,Faya,SA,2021-10-08 06:46:22,18.3851,42.4509,72.12,42,15,10.36
153,Jardim,BR,2021-10-08 06:46:23,-21.4803,-56.1381,69.58,89,100,3.15
154,Kloulklubed,PW,2021-10-08 06:46:23,7.0419,134.2556,77.5,78,100,21.07
155,Verkhnevilyuysk,RU,2021-10-08 06:46:24,63.4453,120.3167,35.58,57,97,4.72
156,Yulin,CN,2021-10-08 06:46:25,22.6333,110.15,75.31,81,100,15.48
157,Were Ilu,ET,2021-10-08 06:46:25,10.6,39.4333,64.92,47,13,8.43
158,Nome,US,2021-10-08 06:46:26,64.5011,-165.4064,37.47,87,90,11.5
159,Pacific Grove,US,2021-10-08 06:44:13,36.6177,-121.9166,56.88,79,92,1.99
160,Chulman,RU,2021-10-08 06:46:27,56.8479,124.9104,37.02,67,100,3.89
161,Norman Wells,CA,2021-10-08 06:46:28,65.282,-126.8329,26.64,100,75,2.3
162,Aberdeen,GB,2021-10-08 06:46:29,57.1437,-2.0981,62.2,96,100,4.61
163,Omsukchan,RU,2021-10-08 06:46:29,62.5333,155.8,8.92,93,61,3.71
164,Yilan,TW,2021-10-08 06:46:30,24.757,121.753,91.06,78,100,9.04
165,Tuktoyaktuk,CA,2021-10-08 06:46:31,69.4541,-133.0374,29.3,84,100,7.09
166,Bosaso,SO,2021-10-08 06:46:31,11.2842,49.1816,90.39,59,35,8.86
167,Brandon,US,2021-10-08 06:46:32,27.9378,-82.2859,79.02,95,90,1.01
168,Bo Phloi,TH,2021-10-08 06:46:33,14.3236,99.5161,90.61,55,91,3.24
169,Hamilton,US,2021-10-08 06:45:40,39.1834,-84.5333,68.77,94,90,0.0
170,Codrington,AU,2021-10-08 06:46:34,-38.2667,141.9667,63.14,63,20,8.7
171,Lebu,CL,2021-10-08 06:46:35,-37.6167,-73.65,46.94,85,0,3.83
172,Hillsboro,US,2021-10-08 06:44:51,45.5229,-122.9898,48.42,86,1,3.44
173,Hobyo,SO,2021-10-08 06:46:36,5.3505,48.5268,84.65,59,39,20.2
174,Udachnyy,RU,2021-10-08 06:46:36,66.4167,112.4,30.13,73,100,16.33
175,Nishihara,JP,2021-10-08 06:46:37,26.1842,127.7558,85.66,70,75,14.97
176,Camocim,BR,2021-10-08 06:46:37,-2.9022,-40.8411,77.11,87,100,9.08
177,High Level,CA,2021-10-08 06:46:17,58.5169,-117.136,28.51,93,1,2.3
178,Sao Felix Do Xingu,BR,2021-10-08 06:46:39,-6.6447,-51.995,73.35,73,94,1.07
179,Isangel,VU,2021-10-08 06:46:40,-19.55,169.2667,75.31,69,2,3.44
180,Avarua,CK,2021-10-08 06:46:40,-21.2078,-159.775,73.45,78,11,5.75
181,Saint Anthony,US,2021-10-08 06:46:41,45.0205,-93.218,65.35,89,90,3.44
182,Yumen,CN,2021-10-08 06:46:41,40.2833,97.2,50.81,34,100,31.79
183,Buin,CL,2021-10-08 06:46:42,-33.7333,-70.75,54.73,90,100,1.36
184,Raudeberg,NO,2021-10-08 06:46:43,61.9875,5.1352,58.19,80,84,7.0
185,Antofagasta,CL,2021-10-08 06:42:55,-23.65,-70.4,58.28,87,83,6.64
186,Buala,SB,2021-10-08 06:46:43,-8.145,159.5921,81.72,82,96,9.89
187,La Paz,BO,2021-10-08 06:43:49,-16.5,-68.15,46.38,93,75,4.61
188,Alihe,CN,2021-10-08 06:46:44,50.5667,123.7167,51.57,41,88,6.22
189,Geraldton,AU,2021-10-08 06:46:45,-28.7667,114.6,72.01,49,50,19.57
190,Chateauroux,FR,2021-10-08 06:46:45,46.8167,1.7,46.4,93,0,8.05
191,Gladstone,AU,2021-10-08 06:46:46,-23.85,151.25,76.93,53,0,13.8
192,Santa Cruz,BO,2021-10-08 06:41:54,-17.8,-63.1667,69.26,73,40,4.61
193,Talnakh,RU,2021-10-08 06:46:47,69.4865,88.3972,32.72,99,100,7.38
194,Bubaque,GW,2021-10-08 06:46:47,11.2833,-15.8333,83.44,80,99,8.21
195,Lata,PT,2021-10-08 06:46:48,40.1629,-8.3327,58.82,54,0,3.42
196,Bay Roberts,CA,2021-10-08 06:46:48,47.5999,-53.2648,47.03,83,100,1.01
197,Karratha,AU,2021-10-08 06:46:49,-20.7377,116.8463,83.91,36,0,14.2
198,Collie,AU,2021-10-08 06:46:49,-33.3667,116.15,58.98,52,90,8.03
199,Fort Nelson,CA,2021-10-08 06:46:50,58.8053,-122.7002,35.19,75,75,3.44
200,East London,ZA,2021-10-08 06:46:50,-33.0153,27.9116,68.94,73,0,4.61
201,Altoona,US,2021-10-08 06:46:51,40.5187,-78.3947,64.65,95,100,2.42
202,Mar Del Plata,AR,2021-10-08 06:46:51,-38.0023,-57.5575,45.12,61,0,13.0
203,Najran,SA,2021-10-08 06:46:52,17.4924,44.1277,79.45,45,65,10.65
204,Shieli,KZ,2021-10-08 06:46:52,44.1667,66.75,57.81,16,97,11.88
205,Alejandria,CO,2021-10-08 06:46:53,5.4753,-75.2296,59.34,97,100,2.08
206,Carnarvon,AU,2021-10-08 06:46:54,-24.8667,113.6333,77.07,50,0,21.85
207,Xiaoweizhai,CN,2021-10-08 06:46:55,26.1903,107.5125,76.05,55,0,6.69
208,Sambava,MG,2021-10-08 06:46:55,-14.2667,50.1667,72.34,82,100,6.15
209,Lanja,IN,2021-10-08 06:46:56,16.85,73.55,84.51,77,94,8.57
210,Tamiahua,MX,2021-10-08 06:46:57,21.2667,-97.45,73.2,80,100,6.29
211,Skibbereen,IE,2021-10-08 06:46:58,51.55,-9.2667,58.8,97,100,14.99
212,San Quintin,MX,2021-10-08 06:46:58,30.4833,-115.95,66.52,86,100,9.37
213,Traverse City,US,2021-10-08 06:42:55,44.7631,-85.6206,65.14,96,90,0.0
214,Lorengau,PG,2021-10-08 06:46:59,-2.0226,147.2712,83.84,72,100,9.22
215,Dehloran,IR,2021-10-08 06:47:00,32.6941,47.2679,91.45,9,0,3.56
216,Darnah,LY,2021-10-08 06:47:01,32.767,22.6367,78.1,44,0,9.69
217,Nouadhibou,MR,2021-10-08 06:47:02,20.931,-17.0347,76.98,57,52,16.11
218,Eureka,US,2021-10-08 06:47:02,40.8021,-124.1637,52.41,75,26,2.66
219,Huarmey,PE,2021-10-08 06:47:03,-10.0681,-78.1522,63.25,90,100,11.03
220,Quatre Cocos,MU,2021-10-08 06:47:03,-20.2078,57.7625,75.31,67,23,11.07
221,Sao Miguel Do Iguacu,BR,2021-10-08 06:47:04,-25.3481,-54.2378,70.81,96,99,1.92
222,Reconquista,AR,2021-10-08 06:47:05,-29.15,-59.65,55.62,61,100,9.08
223,Kitob,UZ,2021-10-08 06:47:06,39.0843,66.8332,57.78,25,13,7.96
224,Mount Gambier,AU,2021-10-08 06:47:06,-37.8333,140.7667,64.31,45,88,19.57
225,Tasiilaq,GL,2021-10-08 06:47:07,65.6145,-37.6368,32.16,51,2,7.43
226,Topolovgrad,BG,2021-10-08 06:47:08,42.0833,26.3333,49.73,73,100,17.47
227,Gasa,PS,2021-10-08 06:47:08,31.5,34.4667,77.18,55,0,12.12
228,Aflao,TG,2021-10-08 06:47:09,6.116,1.1914,78.93,89,20,3.44
229,Uray,RU,2021-10-08 06:47:10,60.1247,64.7758,49.82,54,3,12.82
230,Ontario,US,2021-10-08 06:45:04,34.0633,-117.6509,66.87,83,75,3.0
231,Leningradskiy,RU,2021-10-08 06:47:10,69.3833,178.4167,26.53,98,100,2.93
232,Aksu,CN,2021-10-08 06:47:11,41.1231,80.2644,59.67,17,1,12.53
233,Sola,VU,2021-10-08 06:47:11,-13.8833,167.55,81.27,89,49,4.61
234,Khatra,IN,2021-10-08 06:47:12,22.9833,86.85,91.74,52,26,4.85
235,Cabo San Lucas,MX,2021-10-08 06:47:13,22.8909,-109.9124,78.62,72,5,6.06
236,Dongning,CN,2021-10-08 06:47:13,44.0622,131.1207,62.87,43,100,7.83
237,Itaueira,BR,2021-10-08 06:47:14,-7.6033,-43.0256,76.28,38,96,2.53
238,Yellowknife,CA,2021-10-08 06:47:14,62.456,-114.3525,35.42,100,75,4.61
239,San Cristobal,VE,2021-10-08 06:47:15,7.7669,-72.225,64.9,94,91,1.48
240,Falam,MM,2021-10-08 06:47:15,22.9167,93.6833,72.41,87,53,0.69
241,Lakatoro,VU,2021-10-08 06:47:16,-16.0999,167.4164,78.84,81,47,12.39
242,Clyde River,CA,2021-10-08 06:47:17,70.4692,-68.5914,27.68,81,22,3.65
243,Barguzin,RU,2021-10-08 06:47:17,53.6167,109.6167,43.03,53,100,9.06
244,Mount Isa,AU,2021-10-08 06:47:18,-20.7333,139.5,101.97,11,1,10.36
245,Bogorodskoye,RU,2021-10-08 06:47:19,56.55,37.8833,43.74,58,0,5.03
246,Port-Gentil,GA,2021-10-08 06:47:20,-0.7193,8.7815,78.76,83,40,1.14
247,Iqaluit,CA,2021-10-08 06:47:20,63.7506,-68.5145,29.93,100,40,11.99
248,Bengkulu,ID,2021-10-08 06:47:21,-3.8004,102.2655,83.41,71,50,11.3
249,Luang Prabang,LA,2021-10-08 06:47:22,19.8856,102.1347,96.17,35,99,2.35
250,Demirci,TR,2021-10-08 06:47:22,39.0461,28.6589,64.09,26,55,3.06
251,Chokurdakh,RU,2021-10-08 06:47:23,70.6333,147.9167,12.67,87,100,6.51
252,Maputo,MZ,2021-10-08 06:47:23,-25.9653,32.5892,72.23,71,75,8.01
253,Namatanai,PG,2021-10-08 06:47:24,-3.6667,152.4333,82.72,76,100,4.0
254,New Iberia,US,2021-10-08 06:47:25,30.0035,-91.8187,71.56,88,1,3.44
255,Bandarban,BD,2021-10-08 06:47:25,22.1965,92.2262,89.31,55,84,5.7
256,Riachao Das Neves,BR,2021-10-08 06:47:26,-11.7461,-44.91,73.49,42,0,2.8
257,Chumikan,RU,2021-10-08 06:47:27,54.7183,135.315,46.15,44,83,18.7
258,Karaton,ID,2021-10-08 06:47:27,-6.3424,106.1045,88.95,42,94,2.73
259,Grindavik,IS,2021-10-08 06:47:28,63.8424,-22.4338,48.67,87,90,26.46
260,Sao Raimundo Nonato,BR,2021-10-08 06:47:28,-9.0153,-42.6994,75.58,42,74,3.83
261,Alanya,TR,2021-10-08 06:47:29,36.5438,31.9998,69.93,29,0,3.98
262,Lekoni,GA,2021-10-08 06:47:29,-1.5843,14.2591,77.23,79,16,4.16
263,Pronsk,RU,2021-10-08 06:47:30,54.1048,39.6092,46.0,53,0,2.3
264,Svetlyy,RU,2021-10-08 06:47:31,54.675,20.1347,41.05,51,97,10.42
265,Pangnirtung,CA,2021-10-08 06:47:31,66.1451,-65.7125,32.61,80,12,1.68
266,Brae,GB,2021-10-08 06:47:32,60.3964,-1.353,49.91,91,90,6.76
267,Caxias Do Sul,BR,2021-10-08 06:47:32,-29.1681,-51.1794,49.96,99,26,2.62
268,Mahibadhoo,MV,2021-10-08 06:47:33,3.7833,72.9667,83.14,77,78,11.97
269,Klaksvik,FO,2021-10-08 06:47:33,62.2266,-6.589,52.72,86,68,17.81
270,Belousovka,KZ,2021-10-08 06:47:34,50.1339,82.5239,41.22,64,96,5.55
271,Dulce Nombre De Culmi,HN,2021-10-08 06:47:34,15.1,-85.5333,75.43,99,100,1.41
272,Lompoc,US,2021-10-08 06:47:35,34.6391,-120.4579,61.57,87,90,0.0
273,Polyarnyye Zori,RU,2021-10-08 06:47:36,67.3661,32.4981,35.58,78,21,10.31
274,Kamaishi,JP,2021-10-08 06:47:36,39.2667,141.8833,70.75,89,100,6.13
275,Kamenka,RU,2021-10-08 06:47:37,51.3223,42.7678,46.9,42,0,6.87
276,Wawa,NG,2021-10-08 06:47:37,9.9022,4.4192,77.25,82,100,3.87
277,Sagua La Grande,CU,2021-10-08 06:47:38,22.8067,-80.0756,76.19,84,46,7.38
278,Gaogou,CN,2021-10-08 06:47:39,34.0175,119.1886,73.67,84,94,13.33
279,Palmer,US,2021-10-08 06:47:39,42.1584,-72.3287,59.76,86,90,0.0
280,Faanui,PF,2021-10-08 06:47:40,-16.4833,-151.75,78.58,72,6,6.26
281,Nuuk,GL,2021-10-08 06:47:41,64.1835,-51.7216,32.61,74,0,12.66
282,Suntar,RU,2021-10-08 06:47:41,62.1444,117.6319,38.35,82,100,6.91
283,Gat,IL,2021-10-08 06:47:42,31.61,34.7642,86.4,46,0,6.89
284,Filingue,NE,2021-10-08 06:47:43,14.3521,3.3168,85.62,46,33,9.48
285,Copiapo,CL,2021-10-08 06:47:43,-27.3667,-70.3333,52.7,82,13,0.63
286,Mananjary,MG,2021-10-08 06:47:44,-21.2167,48.3333,70.59,69,99,7.05
287,Ballina,AU,2021-10-08 06:47:45,-28.8667,153.5667,77.18,73,90,10.36
288,Labuan,MY,2021-10-08 06:47:47,5.2767,115.2417,89.96,70,40,5.99
289,Walvis Bay,NA,2021-10-08 06:47:47,-22.9575,14.5053,54.09,81,0,3.44
290,Soyo,AO,2021-10-08 06:47:48,-6.1349,12.3689,77.05,82,100,9.55
291,Kodiak,US,2021-10-08 06:47:48,57.79,-152.4072,41.97,90,100,15.19
292,Clearwater,US,2021-10-08 06:47:49,27.9659,-82.8001,79.97,83,90,1.01
293,Washougal,US,2021-10-08 06:47:49,45.5826,-122.3534,48.7,91,1,0.0
294,Hami,CN,2021-10-08 06:47:50,42.8,93.45,38.34,76,100,1.72
295,Algiers,DZ,2021-10-08 06:43:13,36.7525,3.042,55.22,77,20,1.14
296,Coquimbo,CL,2021-10-08 06:47:51,-29.9533,-71.3436,55.13,87,90,3.44
297,Cidreira,BR,2021-10-08 06:47:52,-30.1811,-50.2056,59.86,69,89,9.35
298,Whitehorse,CA,2021-10-08 06:43:43,60.7161,-135.0538,34.57,93,90,1.99
299,Vila Franca Do Campo,PT,2021-10-08 06:47:53,37.7167,-25.4333,67.19,85,1,5.21
300,Leshan,CN,2021-10-08 06:47:54,29.5623,103.7639,72.46,64,100,4.68
301,Waddan,LY,2021-10-08 06:47:54,29.1614,16.139,79.03,20,0,7.76
302,Kattivakkam,IN,2021-10-08 06:47:55,13.2167,80.3167,87.89,61,100,5.3
303,Ustye,RU,2021-10-08 06:47:55,59.6304,39.736,44.26,64,100,9.53
304,Ancud,CL,2021-10-08 06:47:56,-41.8697,-73.8203,44.13,91,2,3.53
305,Marsh Harbour,BS,2021-10-08 06:47:56,26.5412,-77.0636,81.57,69,12,8.95
306,Victoria,HK,2021-10-08 06:47:57,22.2855,114.1577,78.94,96,100,4.0
307,Formby,GB,2021-10-08 06:47:58,53.5536,-3.0682,59.02,74,100,7.72
308,Nsunga,TZ,2021-10-08 06:47:58,-1.1439,31.3947,81.86,39,1,4.59
309,Hambantota,LK,2021-10-08 06:47:59,6.1241,81.1185,86.34,84,40,12.66
310,Joshimath,IN,2021-10-08 06:48:00,30.5667,79.5667,76.12,54,33,7.76
311,College,US,2021-10-08 06:48:00,64.8569,-147.8028,35.55,96,90,4.61
312,Petrivka,UA,2021-10-08 06:48:01,46.9695,30.9591,46.85,39,2,16.35
313,Sorland,NO,2021-10-08 06:48:02,67.667,12.6934,44.46,76,75,17.27
314,Burnie,AU,2021-10-08 06:48:02,-41.0667,145.9167,56.95,66,99,12.28
315,Katsuura,JP,2021-10-08 06:48:03,35.1333,140.3,80.71,78,53,9.93
316,Itoman,JP,2021-10-08 06:48:04,26.1247,127.6694,86.38,68,40,16.11
317,Kukmor,RU,2021-10-08 06:48:05,56.1855,50.8944,47.3,45,6,7.78
318,Ahipara,NZ,2021-10-08 06:48:05,-35.1667,173.1667,57.43,89,65,8.01
319,Amga,RU,2021-10-08 06:48:06,60.8953,131.9608,35.29,88,100,6.4
320,Meulaboh,ID,2021-10-08 06:48:06,4.1363,96.1285,85.1,65,100,6.87
321,Myitkyina,MM,2021-10-08 06:48:07,25.3833,97.4,94.71,46,1,2.55
322,Iberia,US,2021-10-08 06:48:07,29.9502,-91.7507,71.56,88,1,3.44
323,Nelson Bay,AU,2021-10-08 06:48:08,-32.7167,152.15,69.76,66,8,14.76
324,Saint George,US,2021-10-08 06:48:08,37.1041,-113.5841,70.54,51,1,1.99
325,Nabari,JP,2021-10-08 06:48:09,34.6167,136.0833,85.62,67,44,5.1
326,Palu,ID,2021-10-08 06:44:15,-0.8917,119.8707,84.18,82,100,3.15
327,Dekar,BW,2021-10-08 06:48:10,-21.5333,21.9333,80.6,38,0,3.62
328,Saint Helens,GB,2021-10-08 06:48:10,53.45,-2.7333,59.25,92,20,1.01
329,Cherskiy,RU,2021-10-08 06:48:11,68.75,161.3,2.61,100,17,1.79
330,Kedrovyy,RU,2021-10-08 06:48:11,56.1667,91.8167,37.81,98,100,8.9
331,Umm Lajj,SA,2021-10-08 06:48:12,25.0213,37.2685,89.67,39,1,12.55
332,Bonavista,CA,2021-10-08 06:48:13,48.6499,-53.1147,47.12,71,100,5.93
333,Hurst,US,2021-10-08 06:44:52,32.8235,-97.1706,77.34,60,1,4.0
334,Maine-Soroa,NE,2021-10-08 06:48:13,13.2114,12.0241,86.2,18,38,8.25
335,Adre,TD,2021-10-08 06:48:14,13.4667,22.2,81.82,27,6,10.13
336,Tuatapere,NZ,2021-10-08 06:48:15,-46.1333,167.6833,52.83,94,21,2.15
337,Novoagansk,RU,2021-10-08 06:48:15,61.9449,76.6625,43.56,84,100,12.62
338,Dukat,RU,2021-10-08 06:48:16,62.55,155.55,6.71,95,51,4.07
339,Northam,GB,2021-10-08 06:48:17,51.0333,-4.2167,60.03,91,100,7.14
340,Lavrentiya,RU,2021-10-08 06:48:17,65.5833,-171.0,34.34,96,100,16.44
341,Straumen,NO,2021-10-08 06:48:18,63.8709,11.2999,50.61,95,100,2.44
342,Pasni,PK,2021-10-08 06:44:26,25.2631,63.471,89.38,38,0,1.83
343,Zhigansk,RU,2021-10-08 06:48:19,66.7697,123.3711,26.55,77,100,4.81
344,Kysyl-Syr,RU,2021-10-08 06:48:19,63.8986,122.7617,31.95,57,53,6.62
345,Port Lincoln,AU,2021-10-08 06:48:19,-34.7333,135.8667,66.18,41,78,13.6
346,Umea,SE,2021-10-08 06:48:20,63.8284,20.2597,35.53,100,0,2.3
347,Tumaco,CO,2021-10-08 06:48:20,1.7986,-78.8156,75.54,85,100,9.15
348,Fairbanks,US,2021-10-08 06:46:18,64.8378,-147.7164,36.1,96,90,4.61
349,Totoral,PE,2021-10-08 06:48:22,-17.4053,-70.365,59.52,57,75,0.96
350,Sur,OM,2021-10-08 06:48:22,22.5667,59.5289,90.43,36,5,4.41
351,Hobe Sound,US,2021-10-08 06:44:43,27.0595,-80.1364,84.15,87,0,5.75
352,Kieta,PG,2021-10-08 06:48:23,-6.2167,155.6333,82.15,82,100,9.04
353,Rawah,IQ,2021-10-08 06:48:24,34.4816,41.9093,80.51,13,0,5.61
354,Snyder,US,2021-10-08 06:48:24,32.7179,-100.9176,77.52,52,1,5.75
355,Andenes,NO,2021-10-08 06:48:25,69.3143,16.1194,39.18,65,100,14.97
356,Maarianhamina,AX,2021-10-08 06:48:25,60.0973,19.9348,51.66,100,90,12.66
357,Lensk,RU,2021-10-08 06:48:26,60.7253,114.9278,36.41,96,100,9.31
358,Canar,EC,2021-10-08 06:48:27,-2.55,-78.9333,48.24,90,73,5.28
359,Kitaibaraki,JP,2021-10-08 06:48:27,36.7833,140.75,83.34,84,100,4.76
360,Piripiri,BR,2021-10-08 06:48:28,-4.2733,-41.7769,71.73,88,100,2.53
361,Pavlivka,UA,2021-10-08 06:48:29,49.4414,28.4596,37.81,41,1,12.84
362,Moissala,TD,2021-10-08 06:48:29,8.3404,17.7663,77.94,85,92,3.2
363,Lasa,IT,2021-10-08 06:48:30,46.6166,10.7002,49.62,83,98,4.68
364,Provideniya,RU,2021-10-08 06:48:31,64.3833,-173.3,35.71,80,90,15.66
365,Jijiang,CN,2021-10-08 06:48:32,29.2906,106.2542,84.36,60,60,6.08
366,Kushiro,JP,2021-10-08 06:46:34,42.975,144.3747,59.95,77,20,14.97
367,Otavi,NA,2021-10-08 06:48:33,-19.65,17.3333,77.99,11,88,10.67
368,Katangli,RU,2021-10-08 06:48:33,51.7102,143.2326,45.61,64,98,10.18
369,Okha,RU,2021-10-08 06:48:35,53.5739,142.9478,43.36,67,75,11.39
370,Tilichiki,RU,2021-10-08 06:48:35,60.4667,166.1,27.95,60,25,5.97
371,Burghead,GB,2021-10-08 06:48:36,57.7011,-3.4899,62.4,95,75,0.0
372,San Roque,ES,2021-10-08 06:48:36,36.2107,-5.3842,68.81,82,20,4.61
373,Jiayuguan,CN,2021-10-08 06:48:37,39.8167,98.3,50.68,32,82,20.47
374,Semnan,IR,2021-10-08 06:47:12,35.5729,53.3971,64.35,46,61,0.81
375,Vestmannaeyjar,IS,2021-10-08 06:48:38,63.4427,-20.2734,49.32,81,8,18.57
376,Tete,MZ,2021-10-08 06:48:39,-16.1564,33.5867,77.14,61,40,8.99
377,Zhoucheng,CN,2021-10-08 06:48:40,35.9122,116.3117,60.94,87,100,4.18
378,Itarema,BR,2021-10-08 06:48:40,-2.9248,-39.9167,79.47,79,100,12.59
379,Aljezur,PT,2021-10-08 06:48:41,37.3191,-8.8033,67.57,54,100,5.7
380,Laguna,US,2021-10-08 06:48:42,38.421,-121.4238,61.65,73,40,1.01
381,Contai,IN,2021-10-08 06:48:42,21.7786,87.7536,88.93,65,6,3.98
382,Rio Gallegos,AR,2021-10-08 06:48:43,-51.6226,-69.2181,44.65,53,0,12.66
383,Dong Hoi,VN,2021-10-08 06:48:43,17.4833,106.6,81.5,82,100,16.96
384,Sassandra,CI,2021-10-08 06:48:44,4.95,-6.0833,76.14,91,89,1.34
385,Manicore,BR,2021-10-08 06:48:45,-5.8092,-61.3003,73.62,99,100,1.59
386,Poronaysk,RU,2021-10-08 06:48:45,49.2167,143.1167,51.21,58,53,11.68
387,Muncar,ID,2021-10-08 06:48:46,-8.4333,114.3333,82.85,65,100,9.1
388,Rockport,US,2021-10-08 06:48:46,28.0206,-97.0544,79.0,75,1,1.99
389,Kavieng,PG,2021-10-08 06:48:47,-2.5744,150.7967,83.48,70,100,3.91
390,Venado Tuerto,AR,2021-10-08 06:48:48,-33.7456,-61.9688,45.01,72,0,8.32
391,Skelleftea,SE,2021-10-08 06:46:52,64.7507,20.9528,46.99,69,90,1.01
392,Waingapu,ID,2021-10-08 06:48:48,-9.6567,120.2641,85.39,62,6,12.44
393,San Buenaventura,MX,2021-10-08 06:48:49,27.0833,-101.5333,80.11,46,0,1.66
394,Tortoli,IT,2021-10-08 06:48:49,39.9256,9.6572,63.82,63,40,18.41
395,Ocampo,MX,2021-10-08 06:48:50,21.65,-101.5,52.23,94,97,6.46
396,Pringsewu,ID,2021-10-08 06:48:51,-5.3582,104.9744,87.8,54,71,10.69
397,Chino Valley,US,2021-10-08 06:48:51,34.7575,-112.4538,64.71,58,20,1.99
398,Miragoane,HT,2021-10-08 06:48:52,18.4423,-73.0876,79.99,77,0,2.28
399,Havoysund,NO,2021-10-08 06:48:52,70.9963,24.6622,39.43,67,98,10.51
400,Namibe,AO,2021-10-08 06:48:53,-15.1961,12.1522,68.32,65,84,8.12
401,Limbe,CM,2021-10-08 06:48:53,4.0242,9.2149,77.85,84,74,1.23
402,Torbay,CA,2021-10-08 06:48:54,47.6666,-52.7314,46.27,89,90,10.36
403,Vanimo,PG,2021-10-08 06:48:54,-2.6741,141.3028,84.74,74,46,10.51
404,Bud,US,2021-10-08 06:48:55,39.447,-86.1758,65.21,98,3,4.14
405,Oranjemund,NA,2021-10-08 06:48:55,-28.55,16.4333,56.61,78,41,2.24
406,Mbanza-Ngungu,CD,2021-10-08 06:48:56,-5.25,14.8667,74.28,78,93,6.53
407,Rocha,UY,2021-10-08 06:48:56,-34.4833,-54.3333,38.8,89,0,1.81
408,Saint-Pierre,RE,2021-10-08 06:48:57,-21.3393,55.4781,78.44,83,75,3.44
409,Atambua,ID,2021-10-08 06:48:57,-9.1061,124.8925,84.9,56,77,2.98
410,Media Luna,CU,2021-10-08 06:48:58,20.1419,-77.435,77.0,90,17,10.29
411,Los Llanos De Aridane,ES,2021-10-08 06:48:58,28.6585,-17.9182,67.75,75,75,9.22
412,Copacabana,CO,2021-10-08 06:48:59,6.3463,-75.5089,66.0,99,95,2.71
413,Kazachinskoye,RU,2021-10-08 06:49:00,57.6953,93.2761,38.55,97,100,8.28
414,Luau,AO,2021-10-08 06:49:00,-10.7073,22.2247,80.62,36,16,4.65
415,Barmer,IN,2021-10-08 06:49:01,25.75,71.3833,96.01,26,44,7.83
416,Constitucion,CL,2021-10-08 06:49:02,-35.3333,-72.4167,52.02,84,100,12.12
417,Curup,ID,2021-10-08 06:49:03,-3.4667,102.5333,80.89,68,68,5.26
418,Tual,ID,2021-10-08 06:49:03,-5.6667,132.75,82.26,74,65,11.45
419,Erdenet,MN,2021-10-08 06:49:03,49.0333,104.0833,41.31,37,100,5.37
420,Evensk,RU,2021-10-08 06:49:04,61.95,159.2333,26.58,54,67,2.86
421,Bako,ET,2021-10-08 06:49:04,5.7833,36.5667,65.17,88,100,2.62
422,Fortuna,US,2021-10-08 06:44:25,40.5982,-124.1573,52.14,53,49,2.84
423,Cayenne,GF,2021-10-08 06:49:05,4.9333,-52.3333,82.09,82,40,1.99
424,Port Blair,IN,2021-10-08 06:49:06,11.6667,92.75,77.5,92,100,18.12
425,Camden,US,2021-10-08 06:49:07,39.7835,-74.9663,62.58,96,100,3.04
426,Komsomolskiy,UZ,2021-10-08 06:49:07,40.4272,71.7189,66.92,48,1,2.3
427,Harper,LR,2021-10-08 06:49:08,4.375,-7.7169,77.56,88,100,6.13
428,Veraval,IN,2021-10-08 06:49:09,20.9,70.3667,88.16,65,100,4.25
429,Alofi,NU,2021-10-08 06:49:09,-19.0595,-169.9187,75.09,88,7,3.44
430,Aklavik,CA,2021-10-08 06:49:10,68.2191,-135.0107,27.43,72,100,3.85
431,Boda,CF,2021-10-08 06:49:11,4.3189,17.4695,73.22,94,95,3.89
432,Bettiah,IN,2021-10-08 06:49:12,26.8,84.5,91.29,47,0,6.04
433,Kilindoni,TZ,2021-10-08 06:49:12,-7.9139,39.6668,79.07,73,98,16.13
434,Menongue,AO,2021-10-08 06:49:13,-14.6585,17.691,81.03,40,17,3.91
435,Diglur,IN,2021-10-08 06:49:14,18.55,77.6,87.76,61,17,1.21
436,Nyurba,RU,2021-10-08 06:49:14,63.2842,118.3319,36.41,56,89,4.81
437,Padang,ID,2021-10-08 06:49:15,-0.9492,100.3543,87.85,67,21,6.11
438,Tomatlan,MX,2021-10-08 06:46:10,19.9333,-105.25,76.5,93,13,2.95
439,Kuybyshevo,RU,2021-10-08 06:49:16,47.8123,38.9073,48.49,48,6,19.8
440,Les Cayes,HT,2021-10-08 06:49:17,18.2,-73.75,77.72,85,1,2.89
441,Maceio,BR,2021-10-08 06:45:48,-9.6658,-35.7353,76.44,94,40,4.61
442,Shaowu,CN,2021-10-08 06:49:18,27.3409,117.4831,83.23,74,90,2.35
443,Rovaniemi,FI,2021-10-08 06:49:18,66.5,25.7167,36.81,87,100,4.61
444,Vostok,RU,2021-10-08 06:49:19,46.4856,135.8833,48.22,66,33,9.78
445,Rawson,AR,2021-10-08 06:49:20,-43.3002,-65.1023,46.72,84,4,10.78
446,Kununurra,AU,2021-10-08 06:49:20,-15.7667,128.7333,103.98,17,9,5.75
447,Olafsvik,IS,2021-10-08 06:49:21,64.8945,-23.7142,46.51,95,100,16.06
448,Bezhanitsy,RU,2021-10-08 06:49:21,56.9767,29.8907,44.22,57,0,4.41
449,Roswell,US,2021-10-08 06:49:15,34.0232,-84.3616,70.86,95,90,3.44
450,Bereda,ES,2021-10-08 06:49:22,43.2686,-7.5406,51.58,100,16,0.45
451,Fuxin,CN,2021-10-08 06:49:23,42.0156,121.6589,66.6,29,0,5.44
452,Portland,US,2021-10-08 06:49:23,45.5234,-122.6762,48.96,89,20,1.01
453,Nagato,JP,2021-10-08 06:49:24,34.3833,131.2,81.05,68,2,9.06
454,Bowen,AU,2021-10-08 06:49:24,-20.0167,148.2333,80.82,69,0,13.89
455,Petropavlovsk-Kamchatskiy,RU,2021-10-08 06:49:25,53.0452,158.6483,45.19,42,75,6.71
456,Saint-Georges,GD,2021-10-08 06:49:25,12.0564,-61.7485,80.28,89,40,11.5
457,Hervey Bay,AU,2021-10-08 06:49:26,-25.2986,152.8535,77.11,68,0,14.05
458,Vryburg,ZA,2021-10-08 06:49:26,-26.9566,24.7284,71.42,60,38,15.59
459,Birao,CF,2021-10-08 06:49:27,10.2849,22.7882,78.87,66,100,2.06
460,Kimberley,ZA,2021-10-08 06:45:40,-28.7323,24.7623,64.09,59,0,11.5
461,Ostrovnoy,RU,2021-10-08 06:49:28,68.0531,39.5131,37.06,77,17,30.8
462,Chaman,PK,2021-10-08 06:49:28,30.9236,66.4512,83.41,11,0,10.49
463,Garowe,SO,2021-10-08 06:49:29,8.4054,48.4845,90.23,35,7,17.18
464,Roma,US,2021-10-08 06:49:30,43.2128,-75.4557,61.88,95,90,3.44
465,Preobrazheniye,RU,2021-10-08 06:49:30,42.9019,133.9064,63.57,54,0,7.16
466,Koupela,BF,2021-10-08 06:49:31,12.1794,-0.3517,80.06,68,14,6.29
467,Aleksandrovka,UA,2021-10-08 06:49:31,46.8383,32.7612,44.82,44,51,17.07
468,Marawi,PH,2021-10-08 06:49:32,7.9986,124.2928,70.23,95,100,4.92
469,Hue,VN,2021-10-08 06:49:33,16.4667,107.6,78.91,94,75,14.97
470,Matara,LK,2021-10-08 06:49:34,5.9485,80.5353,84.11,74,82,12.73
471,Chernyakhovsk,RU,2021-10-08 06:49:34,54.6335,21.8156,44.91,49,18,7.61
472,Camacha,PT,2021-10-08 06:49:35,33.0833,-16.3333,67.42,73,40,8.05
473,Juneau,US,2021-10-08 06:45:33,58.3019,-134.4197,42.84,96,90,0.0
474,Zhaotong,CN,2021-10-08 06:49:35,27.3167,103.7167,69.44,65,97,3.47
475,Muros,ES,2021-10-08 06:45:46,42.7762,-9.0603,63.84,74,9,5.21
476,Puerto Colombia,CO,2021-10-08 06:49:36,10.9878,-74.9547,80.69,82,0,10.04
477,Wynyard,AU,2021-10-08 06:49:37,-41.0,145.7167,56.98,66,98,10.22
478,Akyab,MM,2021-10-08 06:49:37,20.15,92.9,86.04,74,100,10.13
479,Mackenzie,CA,2021-10-08 06:45:40,55.2999,-123.1698,35.82,87,90,4.61
480,Zeya,RU,2021-10-08 06:49:38,53.75,127.2667,44.56,54,76,4.21
481,Vao,NC,2021-10-08 06:49:38,-22.6667,167.4833,69.84,65,28,16.55
482,Hovd,MN,2021-10-08 06:49:39,48.0056,91.6419,39.38,24,51,3.87
483,Skowhegan,US,2021-10-08 06:49:40,44.7651,-69.7192,55.96,96,34,3.67
484,Kilcullen,IE,2021-10-08 06:49:40,53.1303,-6.7444,59.76,89,100,11.95
485,Saint-Louis,SN,2021-10-08 06:49:41,16.3333,-15.0,80.24,57,100,9.93
486,Aksha,RU,2021-10-08 06:49:42,50.2814,113.2867,44.24,73,100,3.29
487,Port Hedland,AU,2021-10-08 06:49:42,-20.3167,118.5667,87.85,37,0,16.11
488,Port Hardy,CA,2021-10-08 06:48:58,50.6996,-127.4199,48.2,93,90,20.71
489,Pangkalanbuun,ID,2021-10-08 06:49:43,-2.6833,111.6167,89.08,56,67,6.26
490,Prachuap Khiri Khan,TH,2021-10-08 06:49:44,12.2167,99.75,86.31,81,100,2.33
491,Saint-Augustin,CA,2021-10-08 06:49:45,51.226,-58.6502,39.99,72,100,13.38
492,Omaruru,NA,2021-10-08 06:49:46,-21.4333,15.9333,76.26,10,0,3.8
493,High Rock,BS,2021-10-08 06:49:46,26.6208,-78.2833,80.62,70,60,9.13
494,Sinnamary,GF,2021-10-08 06:49:47,5.3833,-52.95,81.05,76,100,9.37
495,Henties Bay,NA,2021-10-08 06:49:48,-22.116,14.2845,53.85,70,0,5.12
496,Sabzevar,IR,2021-10-08 06:49:48,36.2126,57.6819,61.88,31,40,21.85
497,High Prairie,CA,2021-10-08 06:49:49,55.4334,-116.4858,31.3,64,18,5.73
498,Ulladulla,AU,2021-10-08 06:49:49,-35.35,150.4667,67.1,68,91,14.09
499,Anahuac,MX,2021-10-08 06:45:16,27.2333,-100.15,75.67,54,4,15.5
500,Channel-Port Aux Basques,CA,2021-10-08 06:49:50,47.5702,-59.1367,47.34,86,100,12.53
501,Alfatar,BG,2021-10-08 06:49:50,43.95,27.2833,50.27,60,100,16.91
502,Oda,JP,2021-10-08 06:49:51,35.1833,132.5,79.57,73,18,9.28
503,Chapais,CA,2021-10-08 06:49:52,49.7834,-74.8492,46.18,94,10,1.83
504,Cabedelo,BR,2021-10-08 06:49:41,-6.9811,-34.8339,75.87,83,100,9.53
505,Salalah,OM,2021-10-08 06:49:53,17.0151,54.0924,84.29,74,20,5.75
506,Yelizovo,RU,2021-10-08 06:49:53,53.1873,158.3805,46.54,42,75,6.71
507,Bani,DO,2021-10-08 06:49:54,18.2833,-70.3333,76.77,80,0,8.21
508,Estelle,US,2021-10-08 06:49:55,29.8458,-90.1067,75.0,82,1,0.0
509,Yar-Sale,RU,2021-10-08 06:49:55,66.8333,70.8333,43.86,86,100,21.27
510,Pangody,RU,2021-10-08 06:49:56,65.85,74.4859,42.96,93,100,17.4
511,Quelimane,MZ,2021-10-08 06:49:56,-17.8786,36.8883,76.95,50,75,8.99
512,Osakarovka,KZ,2021-10-08 06:49:57,50.565,72.5692,46.42,56,22,9.57
513,Cap Malheureux,MU,2021-10-08 06:49:57,-19.9842,57.6142,75.69,73,5,3.67
514,Lukiv,UA,2021-10-08 06:49:58,51.0521,25.4006,42.19,46,0,11.65
515,Nikolayevskaya,RU,2021-10-08 06:49:59,47.6139,41.5023,48.79,43,5,19.73
516,Bardiyah,LY,2021-10-08 06:49:59,31.7561,25.0865,72.16,53,0,4.18
517,Nuevitas,CU,2021-10-08 06:50:00,21.5453,-77.2644,76.44,82,5,11.16
518,Rundu,NA,2021-10-08 06:50:01,-17.9333,19.7667,77.27,40,100,3.89
519,Berlevag,NO,2021-10-08 06:50:01,70.8578,29.0864,35.4,73,100,20.96
520,Belmonte,BR,2021-10-08 06:50:02,-15.8631,-38.8828,70.3,87,62,2.66
521,Celestun,MX,2021-10-08 06:50:03,20.8667,-90.4,77.86,87,100,8.16
522,Noumea,NC,2021-10-08 06:50:04,-22.2763,166.4572,71.58,67,0,16.6
523,Adrar,MR,2021-10-08 06:50:04,20.5022,-10.0711,82.67,10,57,8.37
524,Bathsheba,BB,2021-10-08 06:50:05,13.2167,-59.5167,83.01,78,20,19.57
525,Long Beach,US,2021-10-08 06:48:09,33.767,-118.1892,68.09,87,90,5.01
526,Mildura,AU,2021-10-08 06:50:06,-34.2,142.15,78.08,15,33,10.36
527,Pudozh,RU,2021-10-08 06:50:07,61.8099,36.5345,49.05,82,100,8.41
528,Vardo,NO,2021-10-08 06:50:07,70.3705,31.1107,35.8,87,40,19.57
529,Barra Patuca,HN,2021-10-08 06:50:08,15.8,-84.2833,78.26,88,100,5.08
530,Pisco,PE,2021-10-08 06:50:08,-13.7,-76.2167,61.02,88,68,14.97
531,Half Moon Bay,US,2021-10-08 06:50:09,37.4636,-122.4286,57.22,77,90,11.5
532,Ambon,ID,2021-10-08 06:50:09,-3.6954,128.1814,82.47,77,54,11.63
533,Roald,NO,2021-10-08 06:50:10,62.5833,6.1333,58.91,94,75,12.66
534,Gagino,RU,2021-10-08 06:50:11,55.2314,45.0339,47.07,48,0,5.44
535,Carutapera,BR,2021-10-08 06:50:11,-1.195,-46.02,78.78,83,95,6.93
536,Alice Springs,AU,2021-10-08 06:50:12,-23.7,133.8833,94.55,17,40,11.5
537,Port Shepstone,ZA,2021-10-08 06:50:13,-30.7414,30.455,70.38,80,100,0.92
538,Dafeng,CN,2021-10-08 06:50:13,23.4517,108.5881,84.11,59,99,11.68
539,Westport,US,2021-10-08 06:50:14,41.1415,-73.3579,64.98,94,1,0.0
540,Guataqui,CO,2021-10-08 06:50:15,4.5157,-74.7894,70.99,93,100,3.0
541,Marana,US,2021-10-08 06:50:15,32.4367,-111.2254,77.07,40,1,5.75
542,Tamasane,BW,2021-10-08 06:50:16,-22.4184,27.4013,65.53,61,33,15.95
543,Luganville,VU,2021-10-08 06:50:16,-15.5333,167.1667,78.91,84,77,11.43
544,Puerto Rondon,CO,2021-10-08 06:50:17,6.2805,-71.1,72.73,96,67,2.37
545,Taksimo,RU,2021-10-08 06:50:18,56.3444,114.8794,39.29,53,100,0.18
546,Hualmay,PE,2021-10-08 06:50:18,-11.0964,-77.6139,61.74,92,96,11.01
547,Khasan,RU,2021-10-08 06:50:19,42.4308,130.6434,62.49,56,0,5.01
548,Sangar,RU,2021-10-08 06:50:19,63.9242,127.4739,30.94,75,52,14.0
549,Iwanai,JP,2021-10-08 06:50:20,42.9744,140.5089,59.63,68,3,6.8
550,Vesyegonsk,RU,2021-10-08 06:50:20,58.664,37.2604,44.98,59,18,8.05
551,Yuza,JP,2021-10-08 06:50:21,39.0,139.9167,68.05,83,100,6.29
552,Mahbubnagar,IN,2021-10-08 06:50:22,16.7333,77.9833,85.75,63,81,5.93
553,Inongo,CD,2021-10-08 06:50:22,-1.95,18.2667,74.41,87,83,2.35
554,Kawalu,ID,2021-10-08 06:50:23,-7.3817,108.2082,80.6,69,100,7.27
555,Chadiza,ZM,2021-10-08 06:50:23,-14.0678,32.4392,77.4,36,37,7.31
556,Mackay,AU,2021-10-08 06:50:24,-21.15,149.2,80.69,65,0,11.5
557,Avera,US,2021-10-08 06:50:24,33.194,-82.5271,72.91,96,100,5.46
558,Trairi,BR,2021-10-08 06:45:48,-3.2778,-39.2689,79.54,77,100,11.25
559,Barabash,RU,2021-10-08 06:50:25,43.2,131.4833,65.88,61,0,4.32
560,Lafia,NG,2021-10-08 06:50:26,8.4833,8.5167,78.75,84,77,1.54
561,Diu,IN,2021-10-08 06:50:26,20.7141,70.9822,88.97,65,100,5.97
562,Necochea,AR,2021-10-08 06:50:27,-38.5473,-58.7368,38.03,74,0,9.75
563,Qaqortoq,GL,2021-10-08 06:50:27,60.7167,-46.0333,35.85,51,12,5.99
564,Pritomskiy,RU,2021-10-08 06:50:28,53.7724,87.6082,34.36,98,100,8.21
565,Valparaiso,CL,2021-10-08 06:50:28,-33.0393,-71.6273,56.48,70,90,8.05
566,Nemuro,JP,2021-10-08 06:50:29,43.3236,145.575,63.03,74,0,3.09
567,Xining,CN,2021-10-08 06:50:29,36.6167,101.7667,65.55,42,49,3.6
568,Itacarambi,BR,2021-10-08 06:50:30,-15.1022,-44.0919,75.47,42,4,1.3
569,Gwadar,PK,2021-10-08 06:50:31,25.1216,62.3254,87.96,50,0,4.07
570,Sao Filipe,CV,2021-10-08 06:50:31,14.8961,-24.4956,78.98,77,4,5.75
571,Kurilsk,RU,2021-10-08 06:50:31,45.2333,147.8833,52.07,78,2,6.85
